{
    "metadata":{
        "uvs":1,
        "vertices":75,
        "generator":"io_three",
        "type":"Geometry",
        "faces":96,
        "materials":9,
        "normals":2,
        "version":3
    },
    "uvs":[[0,0.25,0,0,0.25,0.25,0.25,0,0.5,0.25,0.5,0,0.75,0.25,0.75,0,1,0.25,1,0,0,0.5,0.25,0.5,0.5,0.5,0.75,0.5,1,0.5,0,0.75,0.25,0.75,0.5,0.75,0.75,0.75,1,0.75,0,1,0.25,1,0.5,1,0.75,1,1,1]],
    "vertices":[-20.3097,-0.0126981,48.1059,-10.1661,-0.0126969,48.1059,-0.0224724,-0.0126957,48.1059,10.1211,-0.0126945,48.1059,20.2648,-0.0126933,48.1059,-20.3097,-0.0126987,34.2153,-10.1661,-0.0126975,34.2153,-0.0224724,-0.0126963,34.2153,10.1211,-0.0126951,34.2153,20.2648,-0.0126939,34.2153,-20.3097,-0.0126994,20.3246,-10.1661,-0.0126981,20.3246,-0.0224724,-0.0126969,20.3246,10.1211,-0.0126957,20.3246,20.2648,-0.0126945,20.3246,-20.3097,-0.0127,6.43401,-10.1661,-0.0126987,6.43401,-0.0224724,-0.0126975,6.43401,10.1211,-0.0126963,6.43401,20.2648,-0.0126951,6.43401,-20.3097,-0.0127006,-7.45663,-10.1661,-0.0126993,-7.45663,-0.0224724,-0.0126981,-7.45663,10.1211,-0.0126969,-7.45663,20.2648,-0.0126957,-7.45663,-18.3087,0.00508067,8.70883,-9.1171,0.00508067,8.70883,0.0744648,0.00508064,8.70883,9.26603,0.00508061,8.70883,18.4576,0.00508061,8.70883,-18.3087,0.00508037,5.53357,-9.1171,0.00508037,5.53357,0.0744648,0.00508037,5.53357,9.26603,0.00508034,5.53357,18.4576,0.00508031,5.53357,-18.3087,0.0050801,2.3583,-9.1171,0.0050801,2.3583,0.0744648,0.00508007,2.35831,9.26603,0.00508004,2.3583,18.4576,0.00508001,2.3583,-18.3087,0.00507984,-0.816956,-9.1171,0.00507984,-0.816956,0.0744629,0.00507981,-0.816954,9.26602,0.00507978,-0.816956,18.4576,0.00507975,-0.816956,-18.3087,0.00507954,-3.99222,-9.1171,0.00507954,-3.99221,0.0744629,0.00507951,-3.99221,9.26602,0.00507948,-3.99222,18.4576,0.00507948,-3.99221,-41.1391,-0.0253949,67.5446,-20.4426,-0.0253949,67.5446,0.254009,-0.025395,67.5446,20.9506,-0.025395,67.5446,41.6471,-0.0253951,67.5446,-41.1391,-0.025397,43.4304,-20.4426,-0.025397,43.4304,0.254007,-0.0253971,43.4304,20.9506,-0.0253971,43.4304,41.6471,-0.0253972,43.4304,-41.1391,-0.0253991,19.3162,-20.4426,-0.0253992,19.3162,0.254009,-0.0253992,19.3162,20.9506,-0.0253992,19.3162,41.6471,-0.0253993,19.3162,-41.1391,-0.0254012,-4.798,-20.4426,-0.0254012,-4.798,0.254009,-0.0254013,-4.798,20.9506,-0.0254013,-4.798,41.6471,-0.0254014,-4.798,-41.1391,-0.0254033,-28.9122,-20.4426,-0.0254034,-28.9122,0.254009,-0.0254034,-28.9122,20.9506,-0.0254035,-28.9122,41.6471,-0.0254035,-28.9122],
    "faces":[42,5,0,6,6,0,1,2,0,1,1,42,1,6,0,6,3,2,1,1,1,1,42,6,1,7,6,2,3,4,1,1,1,42,2,7,1,6,5,4,3,0,1,1,42,7,2,8,6,4,5,6,1,0,1,42,3,8,2,6,7,6,5,1,1,0,42,8,3,9,6,6,7,8,1,1,1,42,4,9,3,6,9,8,7,1,1,1,42,10,5,11,6,10,0,11,1,0,1,42,6,11,5,6,2,11,0,1,1,0,42,11,6,12,6,11,2,12,1,1,0,42,7,12,6,6,4,12,2,1,0,1,42,12,7,13,6,12,4,13,0,1,1,42,8,13,7,6,6,13,4,1,1,1,42,13,8,14,6,13,6,14,1,1,0,42,9,14,8,6,8,14,6,1,0,1,42,15,10,16,6,15,10,16,1,1,1,42,11,16,10,6,11,16,10,1,1,1,42,16,11,17,6,16,11,17,1,1,1,42,12,17,11,6,12,17,11,0,1,1,42,17,12,18,6,17,12,18,1,0,1,42,13,18,12,6,13,18,12,1,1,0,42,18,13,19,6,18,13,19,1,1,1,42,14,19,13,6,14,19,13,0,1,1,42,20,15,21,6,20,15,21,0,1,1,42,16,21,15,6,16,21,15,1,1,1,42,21,16,22,6,21,16,22,1,1,1,42,17,22,16,6,17,22,16,1,1,1,42,22,17,23,6,22,17,23,1,1,1,42,18,23,17,6,18,23,17,1,1,1,42,23,18,24,6,23,18,24,1,1,1,42,19,24,18,6,19,24,18,1,1,1,42,30,25,31,7,0,1,2,1,1,1,42,26,31,25,7,3,2,1,1,1,1,42,31,26,32,7,2,3,4,1,1,1,42,27,32,26,7,5,4,3,1,1,1,42,32,27,33,7,4,5,6,1,1,1,42,28,33,27,7,7,6,5,1,1,1,42,33,28,34,7,6,7,8,1,1,1,42,29,34,28,7,9,8,7,1,1,1,42,35,30,36,7,10,0,11,1,1,1,42,31,36,30,7,2,11,0,1,1,1,42,36,31,37,7,11,2,12,1,1,1,42,32,37,31,7,4,12,2,1,1,1,42,37,32,38,7,12,4,13,1,1,1,42,33,38,32,7,6,13,4,1,1,1,42,38,33,39,7,13,6,14,1,1,1,42,34,39,33,7,8,14,6,1,1,1,42,40,35,41,7,15,10,16,1,1,1,42,36,41,35,7,11,16,10,1,1,1,42,41,36,42,7,16,11,17,1,1,1,42,37,42,36,7,12,17,11,1,1,1,42,42,37,43,7,17,12,18,1,1,1,42,38,43,37,7,13,18,12,1,1,1,42,43,38,44,7,18,13,19,1,1,1,42,39,44,38,7,14,19,13,1,1,1,42,45,40,46,7,20,15,21,1,1,0,42,41,46,40,7,16,21,15,1,0,1,42,46,41,47,7,21,16,22,0,1,0,42,42,47,41,7,17,22,16,1,0,1,42,47,42,48,7,22,17,23,0,1,1,42,43,48,42,7,18,23,17,1,1,1,42,48,43,49,7,23,18,24,1,1,1,42,44,49,43,7,19,24,18,1,1,1,42,55,50,56,8,0,1,2,1,1,1,42,51,56,50,8,3,2,1,1,1,1,42,56,51,57,8,2,3,4,1,1,1,42,52,57,51,8,5,4,3,1,1,1,42,57,52,58,8,4,5,6,1,1,1,42,53,58,52,8,7,6,5,1,1,1,42,58,53,59,8,6,7,8,1,1,1,42,54,59,53,8,9,8,7,1,1,1,42,60,55,61,8,10,0,11,1,1,1,42,56,61,55,8,2,11,0,1,1,1,42,61,56,62,8,11,2,12,1,1,1,42,57,62,56,8,4,12,2,1,1,1,42,62,57,63,8,12,4,13,1,1,1,42,58,63,57,8,6,13,4,1,1,1,42,63,58,64,8,13,6,14,1,1,1,42,59,64,58,8,8,14,6,1,1,1,42,65,60,66,8,15,10,16,1,1,1,42,61,66,60,8,11,16,10,1,1,1,42,66,61,67,8,16,11,17,1,1,1,42,62,67,61,8,12,17,11,1,1,1,42,67,62,68,8,17,12,18,1,1,1,42,63,68,62,8,13,18,12,1,1,1,42,68,63,69,8,18,13,19,1,1,1,42,64,69,63,8,14,19,13,1,1,1,42,70,65,71,8,20,15,21,1,1,1,42,66,71,65,8,16,21,15,1,1,1,42,71,66,72,8,21,16,22,1,1,1,42,67,72,66,8,17,22,16,1,1,1,42,72,67,73,8,22,17,23,1,1,1,42,68,73,67,8,18,23,17,1,1,1,42,73,68,74,8,23,18,24,1,1,1,42,69,74,68,8,19,24,18,1,1,1],
    "materials":[{
        "colorDiffuse":[0.210196,0.100392,0],
        "transparent":false,
        "blending":1,
        "DbgName":"Material #170",
        "doubleSided":false,
        "depthTest":true,
        "visible":true,
        "shading":"lambert",
        "depthWrite":true,
        "opacity":1,
        "colorEmissive":[0,0,0],
        "wireframe":false,
        "DbgIndex":0,
        "DbgColor":15658734
    },{
        "colorDiffuse":[0.263529,0.0752941,0],
        "transparent":false,
        "blending":1,
        "DbgName":"Material #171",
        "doubleSided":false,
        "depthTest":true,
        "visible":true,
        "shading":"lambert",
        "depthWrite":true,
        "opacity":1,
        "colorEmissive":[0,0,0],
        "wireframe":false,
        "DbgIndex":1,
        "DbgColor":15597568
    },{
        "colorDiffuse":[0.244706,0.116078,0],
        "transparent":false,
        "blending":1,
        "DbgName":"Material #173",
        "doubleSided":false,
        "depthTest":true,
        "visible":true,
        "shading":"lambert",
        "depthWrite":true,
        "opacity":1,
        "colorEmissive":[0,0,0],
        "wireframe":false,
        "DbgIndex":2,
        "DbgColor":60928
    },{
        "colorDiffuse":[0.0219608,0.00941177,0],
        "transparent":false,
        "blending":1,
        "DbgName":"Material #172",
        "doubleSided":false,
        "depthTest":true,
        "visible":true,
        "shading":"lambert",
        "depthWrite":true,
        "opacity":1,
        "colorEmissive":[0,0,0],
        "wireframe":false,
        "DbgIndex":3,
        "DbgColor":238
    },{
        "colorDiffuse":[0.38902,0.181961,0],
        "transparent":false,
        "blending":1,
        "DbgName":"Material #174",
        "doubleSided":false,
        "depthTest":true,
        "visible":true,
        "shading":"lambert",
        "depthWrite":true,
        "opacity":1,
        "colorEmissive":[0,0,0],
        "wireframe":false,
        "DbgIndex":4,
        "DbgColor":15658496
    },{
        "colorDiffuse":[0.0282353,0.012549,0],
        "transparent":false,
        "blending":1,
        "DbgName":"Material #175",
        "doubleSided":false,
        "depthTest":true,
        "visible":true,
        "shading":"lambert",
        "depthWrite":true,
        "opacity":1,
        "colorEmissive":[0,0,0],
        "wireframe":false,
        "DbgIndex":5,
        "DbgColor":61166
    },{
        "colorDiffuse":[0.0658824,0.304314,0.0784314],
        "transparent":false,
        "blending":1,
        "DbgName":"Material #39",
        "doubleSided":false,
        "depthTest":true,
        "visible":true,
        "shading":"lambert",
        "depthWrite":true,
        "opacity":1,
        "colorEmissive":[0,0,0],
        "wireframe":false,
        "DbgIndex":6,