{
    "metadata":{
        "generator":"io_three",
        "type":"BufferGeometry",
        "position":208,
        "uv":208,
        "normal":208,
        "version":3
    },
    "data":{
        "index":{
            "array":[8,9,10,10,11,8,16,17,18,18,19,16,72,73,74,74,75,72,80,81,82,82,83,80,28,29,30,30,31,28,32,33,34,34,35,32,36,37,38,38,39,36,48,49,50,50,51,48,52,53,54,54,55,52,56,57,58,58,59,56,92,93,94,94,95,92,96,97,98,98,99,96,100,101,102,102,103,100,112,113,114,114,115,112,116,117,118,118,119,116,120,121,122,122,123,120,132,133,134,134,135,132,136,137,138,138,139,136,140,141,142,142,143,140,152,153,154,154,155,152,156,157,158,158,159,156,160,161,162,162,163,160,172,173,174,174,175,172,176,177,178,178,179,176,180,181,182,182,183,180,192,193,194,194,195,192,196,197,198,198,199,196,200,201,202,202,203,200,24,25,26,26,27,24,44,45,46,46,47,44,88,89,90,90,91,88,108,109,110,110,111,108,128,129,130,130,131,128,148,149,150,150,151,148,168,169,170,170,171,168,188,189,190,190,191,188,0,1,2,2,3,0,4,5,6,6,7,4,12,13,14,14,15,12,64,65,66,66,67,64,68,69,70,70,71,68,76,77,78,78,79,76,20,21,22,22,23,20,84,85,86,86,87,84,40,41,42,42,43,40,60,61,62,62,63,60,104,105,106,106,107,104,124,125,126,126,127,124,144,145,146,146,147,144,164,165,166,166,167,164,184,185,186,186,187,184,204,205,206,206,207,204],
            "type":"Uint16Array",
            "itemSize":1
        },
        "attributes":{
            "normal":{
                "array":[-0.999969,0.00302133,-0.00549333,-0.999969,0.00305185,-0.00549333,-0.999969,0.00302133,-0.00546281,-0.999969,0.00299081,-0.00546281,0.999969,-0.00302133,0.00549333,0.999969,-0.00302133,0.00549333,0.999969,-0.00302133,0.00549333,0.999969,-0.00302133,0.00549333,-0.00546281,0.000824,0.999969,-0.00546281,0.000824,0.999969,-0.00546281,0.000824,0.999969,-0.00546281,0.000824,0.999969,-0.00305185,-0.999969,0.000793481,-0.00305185,-0.999969,0.000793481,-0.00305185,-0.999969,0.000793481,-0.00305185,-0.999969,0.000793481,0.00546281,-0.000824,-0.999969,0.00546281,-0.000824,-0.999969,0.00546281,-0.000824,-0.999969,0.00546281,-0.000824,-0.999969,0.00305185,0.999969,-0.000793481,0.00305185,0.999969,-0.000793481,0.00305185,0.999969,-0.000793481,0.00305185,0.999969,-0.000793481,0.00305185,0.999969,-0.000793481,0.00305185,0.999969,-0.000793481,0.00305185,0.999969,-0.000793481,0.00305185,0.999969,-0.000793481,-0.00549333,0.000824,0.999969,-0.00546281,0.000824,0.999969,-0.00549333,0.000824,0.999969,-0.00552385,0.000824,0.999969,0.999969,-0.00302133,0.00546281,0.999969,-0.00302133,0.00546281,0.999969,-0.00305185,0.00546281,0.999969,-0.00305185,0.00546281,0.00546281,-0.000824,-0.999969,0.00543229,-0.000824,-0.999969,0.00549333,-0.000824,-0.999969,0.00552385,-0.000824,-0.999969,-0.999969,0.00305185,-0.00546281,-0.999969,0.00305185,-0.00546281,-0.999969,0.00302133,-0.00546281,-0.999969,0.00302133,-0.00546281,0.00305185,0.999969,-0.000793481,0.00305185,0.999969,-0.000793481,0.00305185,0.999969,-0.000793481,0.00305185,0.999969,-0.000793481,-0.00546281,0.000824,0.999969,-0.00546281,0.000824,0.999969,-0.00546281,0.000824,0.999969,-0.00543229,0.000824,0.999969,0.999969,-0.00305185,0.00546281,0.999969,-0.00305185,0.00546281,0.999969,-0.00302133,0.00546281,0.999969,-0.00302133,0.00546281,0.00546281,-0.000824,-0.999969,0.00543229,-0.000824,-0.999969,0.00549333,-0.000824,-0.999969,0.00552385,-0.000824,-0.999969,-0.999969,0.00305185,-0.00546281,-0.999969,0.00305185,-0.00546281,-0.999969,0.00305185,-0.00546281,-0.999969,0.00305185,-0.00546281,-0.999969,0.00305185,-0.00546281,-0.999969,0.00302133,-0.00546281,-0.999969,0.00305185,-0.00546281,-0.999969,0.00305185,-0.00546281,0.999969,-0.00305185,0.00546281,0.999969,-0.00299081,0.00546281,0.999969,-0.00302133,0.00546281,0.999969,-0.00308237,0.00546281,-0.00546281,0.000824,0.999969,-0.00546281,0.000824,0.999969,-0.00546281,0.000824,0.999969,-0.00546281,0.000824,0.999969,-0.00305185,-0.999969,0.000793481,-0.00305185,-0.999969,0.000793481,-0.00305185,-0.999969,0.000793481,-0.00305185,-0.999969,0.000793481,0.00546281,-0.000824,-0.999969,0.00546281,-0.000824,-0.999969,0.00546281,-0.000824,-0.999969,0.00546281,-0.000824,-0.999969,0.00305185,0.999969,-0.000793481,0.00305185,0.999969,-0.000793481,0.00305185,0.999969,-0.000793481,0.00305185,0.999969,-0.000793481,0.00305185,0.999969,-0.000793481,0.00305185,0.999969,-0.000793481,0.00305185,0.999969,-0.000793481,0.00305185,0.999969,-0.000793481,-0.00546281,0.000824,0.999969,-0.00546281,0.000824,0.999969,-0.00543229,0.000824,0.999969,-0.00543229,0.000824,0.999969,0.999969,-0.00302133,0.00549333,0.999969,-0.00302133,0.00549333,0.999969,-0.00305185,0.00549333,0.999969,-0.00305185,0.00549333,0.00546281,-0.000824,-0.999969,0.00546281,-0.000824,-0.999969,0.00543229,-0.000824,-0.999969,0.00543229,-0.000824,-0.999969,-0.999969,0.00305185,-0.00546281,-0.999969,0.00305185,-0.00546281,-0.999969,0.00305185,-0.00543229,-0.999969,0.00302133,-0.00543229,0.00305185,0.999969,-0.000793481,0.00305185,0.999969,-0.000793481,0.00305185,0.999969,-0.000793481,0.00305185,0.999969,-0.000793481,-0.00546281,0.000824,0.999969,-0.00546281,0.000824,0.999969,-0.00543229,0.000824,0.999969,-0.00543229,0.000824,0.999969,0.999969,-0.00302133,0.00546281,0.999969,-0.00302133,0.00546281,0.999969,-0.00305185,0.00546281,0.999969,-0.00305185,0.00546281,0.00546281,-0.000824,-0.999969,0.00546281,-0.000824,-0.999969,0.00546281,-0.000824,-0.999969,0.00546281,-0.000824,-0.999969,-0.999969,0.00302133,-0.00546281,-0.999969,0.00302133,-0.00546281,-0.999969,0.00305185,-0.00546281,-0.999969,0.00305185,-0.00546281,0.00305185,0.999969,-0.000793481,0.00305185,0.999969,-0.000793481,0.00305185,0.999969,-0.000793481,0.00305185,0.999969,-0.000793481,-0.00549333,0.000824,0.999969,-0.00546281,0.000824,0.999969,-0.00549333,0.000824,0.999969,-0.00552385,0.000824,0.999969,0.999969,-0.00305185,0.00546281,0.999969,-0.00305185,0.00546281,0.999969,-0.00305185,0.00546281,0.999969,-0.00302133,0.00546281,0.00546281,-0.000824,-0.999969,0.00543229,-0.000824,-0.999969,0.00546281,-0.000824,-0.999969,0.00546281,-0.000824,-0.999969,-0.999969,0.00305185,-0.00546281,-0.999969,0.00305185,-0.00546281,-0.999969,0.00305185,-0.00546281,-0.999969,0.00305185,-0.00546281,0.00305185,0.999969,-0.000793481,0.00305185,0.999969,-0.000793481,0.00305185,0.999969,-0.000793481,0.00305185,0.999969,-0.000793481,-0.00546281,0.000824,0.999969,-0.00546281,0.000824,0.999969,-0.00546281,0.000824,0.999969,-0.00546281,0.000824,0.999969,0.999969,-0.00305185,0.00546281,0.999969,-0.00305185,0.00546281,0.999969,-0.00305185,0.00546281,0.999969,-0.00305185,0.00546281,0.00543229,-0.000824,-0.999969,0.00540178,-0.000824,-0.999969,0.00549333,-0.000824,-0.999969,0.00552385,-0.000824,-0.999969,-0.999969,0.00305185,-0.00546281,-0.999969,0.00305185,-0.00546281,-0.999969,0.00305185,-0.00546281,-0.999969,0.00305185,-0.00546281,0.00305185,0.999969,-0.000793481,0.00305185,0.999969,-0.000793481,0.00305185,0.999969,-0.000793481,0.00305185,0.999969,-0.000793481,-0.00549333,0.000824,0.999969,-0.00552385,0.000824,0.999969,-0.00549333,0.000824,0.999969,-0.00546281,0.000824,0.999969,0.999969,-0.00305185,0.00546281,0.999969,-0.00305185,0.00546281,0.999969,-0.00305185,0.00546281,0.999969,-0.00305185,0.00546281,0.00549333,-0.000824,-0.999969,0.00552385,-0.000824,-0.999969,0.00546281,-0.000824,-0.999969,0.00543229,-0.000824,-0.999969,-0.999969,0.00305185,-0.00546281,-0.999969,0.00305185,-0.00546281,-0.999969,0.00305185,-0.00546281,-0.999969,0.00305185,-0.00546281,0.00305185,0.999969,-0.000793481,0.00305185,0.999969,-0.000793481,0.00305185,0.999969,-0.000793481,0.00305185,0.999969,-0.000793481,-0.00546281,0.000824,0.999969,-0.00546281,0.000824,0.999969,-0.00543229,0.000824,0.999969,-0.00543229,0.000824,0.999969,0.999969,-0.00302133,0.00546281,0.999969,-0.00302133,0.00546281,0.999969,-0.00302133,0.00546281,0.999969,-0.00302133,0.00546281,0.00546281,-0.000824,-0.999969,0.00546281,-0.000824,-0.999969,0.00546281,-0.000824,-0.999969,0.00546281,-0.000824,-0.999969,-0.999969,0.00302133,-0.00546281,-0.999969,