{
    "materials":[{
        "colorEmissive":[0,0,0],
        "doubleSided":false,
        "opacity":1,
        "DbgName":"Material.005",
        "colorDiffuse":[0.0658262,0.305061,0.0780699],
        "wireframe":false,
        "DbgColor":15658734,
        "shading":"phong",
        "depthWrite":true,
        "transparent":false,
        "DbgIndex":0,
        "colorSpecular":[0.5,0.5,0.5],
        "depthTest":true,
        "specularCoef":50,
        "blending":1,
        "visible":true
    }],
    "faces":[35,0,1,9,8,0,0,0,0,0,35,1,2,10,9,0,1,1,1,1,35,2,3,11,10,0,2,2,2,2,35,3,4,12,11,0,3,3,3,3,35,4,5,13,12,0,2,2,2,2,35,5,6,14,13,0,2,2,2,2,35,6,7,15,14,0,2,2,2,2,35,8,9,17,16,0,4,4,4,4,35,9,10,18,17,0,5,5,5,5,35,10,11,19,18,0,4,4,4,4,35,11,12,20,19,0,4,4,4,4,35,12,13,21,20,0,4,4,4,4,35,13,14,22,21,0,4,4,4,4,35,14,15,23,22,0,4,4,4,4,35,16,17,25,24,0,6,6,6,6,35,17,18,26,25,0,7,7,7,7,35,18,19,27,26,0,8,8,8,8,35,19,20,28,27,0,6,6,6,6,35,20,21,29,28,0,8,8,8,8,35,21,22,30,29,0,8,8,8,8,35,22,23,31,30,0,8,8,8,8,35,24,25,33,32,0,9,9,9,9,35,25,26,34,33,0,10,10,10,10,35,26,27,35,34,0,10,10,10,10,35,27,28,36,35,0,9,9,9,9,35,28,29,37,36,0,10,10,10,10,35,29,30,38,37,0,10,10,10,10,35,30,31,39,38,0,10,10,10,10,35,32,33,41,40,0,11,11,11,11,35,33,34,42,41,0,12,12,12,12,35,34,35,43,42,0,12,12,12,12,35,35,36,44,43,0,12,12,12,12,35,36,37,45,44,0,12,12,12,12,35,37,38,46,45,0,12,12,12,12,35,38,39,47,46,0,12,12,12,12,35,40,41,49,48,0,13,13,13,13,35,41,42,50,49,0,13,13,13,13,35,42,43,51,50,0,14,14,14,14,35,43,44,52,51,0,15,15,15,15,35,44,45,53,52,0,14,14,14,14,35,45,46,54,53,0,14,14,14,14,35,46,47,55,54,0,14,14,14,14,35,48,49,57,56,0,11,11,11,11,35,49,50,58,57,0,16,16,16,16,35,50,51,59,58,0,12,12,12,12,35,51,52,60,59,0,17,17,17,17,35,52,53,61,60,0,12,12,12,12,35,53,54,62,61,0,12,12,12,12,35,54,55,63,62,0,12,12,12,12],
    "vertices":[-3.08562,0.000570829,3.97696,-2.20477,0.000570829,3.97696,-1.32392,0.000570829,3.97696,-0.443073,0.000570829,3.97696,0.437774,0.000570829,3.97696,1.31862,0.000570829,3.97696,2.19947,0.000570829,3.97696,3.08032,0.000570829,3.97696,-3.08562,0.00057079,3.09611,-2.20477,0.00057079,3.09611,-1.32392,0.00057079,3.09611,-0.443073,0.00057079,3.09611,0.437774,0.00057079,3.09611,1.31862,0.00057079,3.09611,2.19947,0.00057079,3.09611,3.08032,0.00057079,3.09611,-3.08562,0.000570752,2.21526,-2.20477,0.000570752,2.21526,-1.32392,0.000570752,2.21526,-0.443073,0.000570752,2.21526,0.437774,0.000570752,2.21526,1.31862,0.000570752,2.21526,2.19947,0.000570752,2.21526,3.08032,0.000570752,2.21526,-3.08562,0.000570713,1.33442,-2.20477,0.000570713,1.33442,-1.32392,0.000570713,1.33442,-0.443073,0.000570713,1.33442,0.437774,0.000570713,1.33442,1.31862,0.000570713,1.33442,2.19947,0.000570713,1.33442,3.08032,0.000570713,1.33442,-3.08562,0.000570675,0.453569,-2.20477,0.000570675,0.453569,-1.32392,0.000570675,0.453569,-0.443073,0.000570675,0.453569,0.437774,0.000570675,0.453569,1.31862,0.000570675,0.453569,2.19947,0.000570675,0.453569,3.08032,0.000570675,0.453569,-3.08562,0.000570636,-0.427279,-2.20477,0.000570636,-0.427279,-1.32392,0.000570636,-0.427279,-0.443073,0.000570636,-0.427279,0.437774,0.000570636,-0.427279,1.31862,0.000570636,-0.427279,2.19947,0.000570636,-0.427279,3.08032,0.000570636,-0.427279,-3.08562,0.000570598,-1.30813,-2.20477,0.000570598,-1.30813,-1.32392,0.000570598,-1.30813,-0.443073,0.000570598,-1.30813,0.437774,0.000570598,-1.30813,1.31862,0.000570598,-1.30813,2.19947,0.000570598,-1.30813,3.08032,0.000570598,-1.30813,-3.08562,0.000570559,-2.18897,-2.20477,0.000570559,-2.18897,-1.32392,0.000570559,-2.18897,-0.443073,0.000570559,-2.18897,0.437774,0.000570559,-2.18897,1.31862,0.000570559,-2.18897,2.19947,0.000570559,-2.18897,3.08032,0.000570559,-2.18897],
    "normals":[0,1,-4.37459e-08,0,1,-4.37459e-08,0,1,-4.37459e-08,0,1,-4.37459e-08,0,1,-4.36798e-08,0,1,-4.36798e-08,0,1,-4.37459e-08,0,1,-4.37459e-08,0,1,-4.37459e-08,0,1,-4.36798e-08,0,1,-4.36798e-08,0,1,-4.37459e-08,0,1,-4.37459e-08,0,1,-4.36798e-08,0,1,-4.36798e-08,0,1,-4.36798e-08,0,1,-4.37459e-08,0,1,-4.37459e-08],
    "uvs":[],
    "metadata":{
        "materials":1,
        "faces":49,
        "type":"Geometry",
        "uvs":0,
        "generator":"io_three",
        "version":3,
        "vertices":64,
        "normals":18
    }
}