{
    "metadata":{
        "generator":"io_three",
        "type":"BufferGeometry",
        "normal":75,
        "uv":75,
        "position":75,
        "version":3
    },
    "data":{
        "groups":[{
            "count":96,
            "start":0,
            "materialIndex":8
        },{
            "count":96,
            "start":96,
            "materialIndex":6
        },{
            "count":96,
            "start":192,
            "materialIndex":7
        }],
        "index":{
            "array":[50,51,52,53,52,51,52,53,54,55,54,53,54,55,56,57,56,55,56,57,58,59,58,57,60,50,61,52,61,50,61,52,62,54,62,52,62,54,63,56,63,54,63,56,64,58,64,56,65,60,66,61,66,60,66,61,67,62,67,61,67,62,68,63,68,62,68,63,69,64,69,63,70,65,71,66,71,65,71,66,72,67,72,66,72,67,73,68,73,67,73,68,74,69,74,68,0,1,2,3,2,1,2,3,4,5,4,3,4,5,6,7,6,5,6,7,8,9,8,7,10,0,11,2,11,0,11,2,12,4,12,2,12,4,13,6,13,4,13,6,14,8,14,6,15,10,16,11,16,10,16,11,17,12,17,11,17,12,18,13,18,12,18,13,19,14,19,13,20,15,21,16,21,15,21,16,22,17,22,16,22,17,23,18,23,17,23,18,24,19,24,18,25,26,27,28,27,26,27,28,29,30,29,28,29,30,31,32,31,30,31,32,33,34,33,32,35,25,36,27,36,25,36,27,37,29,37,27,37,29,38,31,38,29,38,31,39,33,39,31,40,35,41,36,41,35,41,36,42,37,42,36,42,37,43,38,43,37,43,38,44,39,44,38,45,40,46,41,46,40,46,41,47,42,47,41,47,42,48,43,48,42,48,43,49,44,49,43],
            "type":"Uint16Array",
            "itemSize":1
        },
        "attributes":{
            "normal":{
                "array":[0,0.999969,0,0,1,0,0,1,0,0,1,0,0,1,0,0,0.999969,0,0,1,0,0,1,0,0,1,0,0,1,0,0,1,0,0,1,0,0,0.999969,0,0,1,0,0,0.999969,0,0,1,0,0,1,0,0,1,0,0,1,0,0,1,0,0,0.999969,0,0,1,0,0,1,0,0,1,0,0,1,0,0,1,0,0,1,0,0,1,0,0,1,0,0,1,0,0,1,0,0,1,0,0,1,0,0,1,0,0,1,0,0,1,0,0,1,0,0,1,0,0,1,0,0,1,0,0,1,0,0,1,0,0,1,0,0,1,0,0,1,0,0,1,0,0,0.999969,0,0,0.999969,0,0,1,0,0,1,0,0,1,0,0,1,0,0,1,0,0,1,0,0,1,0,0,1,0,0,1,0,0,1,0,0,1,0,0,1,0,0,1,0,0,1,0,0,1,0,0,1,0,0,1,0,0,1,0,0,1,0,0,1,0,0,1,0,0,1,0,0,1,0,0,1,0,0,1,0,0,1,0,0,1,0],
                "type":"Float32Array",
                "itemSize":3
            },
            "uv":{
                "array":[0,0.25,0,0,0.25,0.25,0.25,0,0.5,0.25,0.5,0,0.75,0.25,0.75,0,1,0.25,1,0,0,0.5,0.25,0.5,0.5,0.5,0.75,0.5,1,0.5,0,0.75,0.25,0.75,0.5,0.75,0.75,0.75,1,0.75,0,1,0.25,1,0.5,1,0.75,1,1,1,0,0.25,0,0,0.25,0.25,0.25,0,0.5,0.25,0.5,0,0.75,0.25,0.75,0,1,0.25,1,0,0,0.5,0.25,0.5,0.5,0.5,0.75,0.5,1,0.5,0,0.75,0.25,0.75,0.5,0.75,0.75,0.75,1,0.75,0,1,0.25,1,0.5,1,0.75,1,1,1,0,0.25,0,0,0.25,0.25,0.25,0,0.5,0.25,0.5,0,0.75,0.25,0.75,0,1,0.25,1,0,0,0.5,0.25,0.5,0.5,0.5,0.75,0.5,1,0.5,0,0.75,0.25,0.75,0.5,0.75,0.75,0.75,1,0.75,0,1,0.25,1,0.5,1,0.75,1,1,1],
                "type":"Float32Array",
                "itemSize":2
            },
            "position":{
                "array":[-20.3097,-0.0126987,34.2153,-20.3097,-0.0126981,48.1059,-10.1661,-0.0126975,34.2153,-10.1661,-0.0126969,48.1059,-0.0224724,-0.0126963,34.2153,-0.0224724,-0.0126957,48.1059,10.1211,-0.0126951,34.2153,10.1211,-0.0126945,48.1059,20.2648,-0.0126939,34.2153,20.2648,-0.0126933,48.1059,-20.3097,-0.0126994,20.3246,-10.1661,-0.0126981,20.3246,-0.0224724,-0.0126969,20.3246,10.1211,-0.0126957,20.3246,20.2648,-0.0126945,20.3246,-20.3097,-0.0127,6.43401,-10.1661,-0.0126987,6.43401,-0.0224724,-0.0126975,6.43401,10.1211,-0.0126963,6.43401,20.2648,-0.0126951,6.43401,-20.3097,-0.0127006,-7.45663,-10.1661,-0.0126993,-7.45663,-0.0224724,-0.0126981,-7.45663,10.1211,-0.0126969,-7.45663,20.2648,-0.0126957,-7.45663,-18.3087,0.00508037,5.53357,-18.3087,0.00508067,8.70883,-9.1171,0.00508037,5.53357,-9.1171,0.00508067,8.70883,0.0744648,0.00508037,5.53357,0.0744648,0.00508064,8.70883,9.26603,0.00508034,5.53357,9.26603,0.00508061,8.70883,18.4576,0.00508031,5.53357,18.4576,0.00508061,8.70883,-18.3087,0.0050801,2.3583,-9.1171,0.0050801,2.3583,0.0744648,0.00508007,2.35831,9.26603,0.00508004,2.3583,18.4576,0.00508001,2.3583,-18.3087,0.00507984,-0.816956,-9.1171,0.00507984,-0.816956,0.0744629,0.00507981,-0.816954,9.26602,0.00507978,-0.816956,18.4576,0.00507975,-0.816956,-18.3087,0.00507954,-3.99222,-9.1171,0.00507954,-3.99221,0.0744629,0.00507951,-3.99221,9.26602,0.00507948,-3.99222,18.4576,0.00507948,-3.99221,-41.1391,-0.025397,43.4304,-41.1391,-0.0253949,67.5446,-20.4426,-0.025397,43.4304,-20.4426,-0.0253949,67.5446,0.254007,-0.0253971,43.4304,0.254009,-0.025395,67.5446,20.9506,-0.0253971,43.4304,20.9506,-0.025395,67.5446,41.6471,-0.0253972,43.4304,41.6471,-0.0253951,67.5446,-41.1391,-0.0253991,19.3162,-20.4426,-0.0253992,19.3162,0.254009,-0.0253992,19.3162,20.9506,-0.0253992,19.3162,41.6471,-0.0253993,19.3162,-41.1391,-0.0254012,-4.798,-20.4426,-0.0254012,-4.798,0.254009,-0.0254013,-4.798,20.9506,-0.0254013,-4.798,41.6471,-0.0254014,-4.798,-41.1391,-0.0254033,-28.9122,-20.4426,-0.0254034,-28.9122,0.254009,-0.0254034,-28.9122,20.9506,-0.0254035,-28.9122,41.6471,-0.0254035,-28.9122],
                "type":"Float32Array",
                "itemSize":3
            }
        }
    }
}