{
    "uvs":[[0,1,0,0,1,0,1,1]],
    "metadata":{
        "generator":"io_three",
        "materials":2,
        "faces":72,
        "uvs":1,
        "normals":10,
        "vertices":144,
        "type":"Geometry",
        "version":3
    },
    "materials":[{
        "doubleSided":false,
        "wireframe":false,
        "DbgName":"Material #25",
        "depthTest":true,
        "mapLightWrap":["repeat","repeat"],
        "colorEmissive":[0,0,0],
        "DbgIndex":0,
        "blending":1,

        "mapDiffuse":"textures/Wood.png",

        "colorDiffuse":[0.4704,0.4704,0.4704],
        "DbgColor":15658734,
        "opacity":1,
        "shading":"lambert",
        "depthWrite":true,
        "transparent":false,
        "visible":true
    },{
        "doubleSided":false,
        "wireframe":false,
        "DbgName":"Material #26",
        "depthTest":true,
        "colorEmissive":[0,0,0],
        "DbgIndex":1,
        "blending":1,
        "colorDiffuse":[0.0282353,0.0282353,0.0282353],
        "DbgColor":15597568,
        "opacity":1,
        "shading":"lambert",
        "depthWrite":true,
        "transparent":false,
        "visible":true
    }],
    "normals":[0,-1,0,0,1,0,0,-0.999969,0,0,0.999969,0,0,0,1,-1,0,0,0,0,-1,0.999969,0,0,1,0,0,-0.999969,0,0],
    "faces":[42,48,50,52,0,0,1,2,0,0,0,42,54,56,58,0,1,2,3,1,1,1,42,60,62,64,0,1,2,3,1,1,1,42,66,68,70,0,0,1,2,0,0,0,42,72,74,76,0,2,3,0,0,0,0,42,78,80,82,0,3,0,1,1,1,1,42,84,86,88,0,3,0,1,1,1,1,42,90,92,94,0,2,3,0,0,0,0,42,64,96,60,0,3,0,1,1,1,1,42,70,98,66,0,2,3,0,0,0,0,42,52,100,48,0,2,3,0,0,0,0,42,58,102,54,0,3,0,1,1,1,1,42,76,104,72,0,0,1,2,0,0,0,42,82,106,78,0,1,2,3,1,1,1,42,88,108,84,0,1,2,3,1,1,1,42,94,110,90,0,0,1,2,0,0,0,42,112,114,116,1,2,3,0,2,0,0,42,118,120,122,1,3,0,1,1,1,3,42,124,126,128,1,2,3,0,0,0,0,42,130,132,134,1,3,0,1,1,1,1,42,134,136,130,1,1,2,3,1,1,1,42,128,138,124,1,0,1,2,0,0,0,42,122,140,118,1,1,2,3,3,1,1,42,116,142,112,1,0,1,2,0,0,2,42,109,89,91,0,3,0,1,4,4,4,42,93,24,9,0,1,2,3,5,5,5,42,87,85,95,0,3,0,1,6,6,6,42,111,25,10,0,1,2,3,7,8,7,42,51,49,59,0,1,2,3,7,8,7,42,103,1,26,0,3,0,1,6,6,6,42,57,55,53,0,3,0,1,4,4,4,42,101,27,13,0,1,2,3,5,5,5,42,63,61,71,0,3,0,1,4,4,4,42,99,28,12,0,1,2,3,5,5,5,42,107,83,73,0,3,0,1,4,4,4,42,75,29,6,0,1,2,3,9,5,5,42,105,77,79,0,1,2,3,8,8,8,42,81,8,30,0,3,0,1,6,6,6,42,69,67,65,0,1,2,3,8,7,8,42,97,5,31,0,3,0,1,6,6,6,42,59,0,51,0,3,0,1,7,8,7,42,53,32,57,0,1,2,3,4,4,4,42,95,33,87,0,1,2,3,6,6,6,42,9,11,93,0,3,0,1,5,5,5,42,13,2,101,0,3,0,1,5,5,5,42,26,34,103,0,1,2,3,6,6,6,42,79,14,105,0,3,0,1,8,8,8,42,73,35,107,0,1,2,3,4,4,4,42,71,36,63,0,1,2,3,4,4,4,42,65,3,69,0,3,0,1,8,8,8,42,30,37,81,0,1,2,3,6,6,6,42,6,7,75,0,3,0,1,5,5,9,42,12,4,99,0,3,0,1,5,5,5,42,31,38,97,0,1,2,3,6,6,6,42,10,15,111,0,3,0,1,7,8,7,42,91,39,109,0,1,2,3,4,4,4,42,141,123,113,1,3,0,1,4,4,4,42,115,40,23,1,1,2,3,5,5,5,42,137,135,125,1,3,0,1,4,4,4,42,127,41,22,1,1,2,3,5,5,5,42,143,117,119,1,1,2,3,7,8,7,42,121,18,42,1,3,0,1,6,6,6,42,139,129,131,1,1,2,3,7,8,7,42,133,21,43,1,3,0,1,6,6,6,42,42,44,121,1,1,2,3,6,6,6,42,23,16,115,1,3,0,1,5,5,5,42,119,17,143,1,3,0,1,7,8,7,42,113,45,141,1,1,2,3,4,4,4,42,125,46,137,1,1,2,3,4,4,4,42,131,20,139,1,3,0,1,7,8,7,42,22,19,127,1,3,0,1,5,5,5,42,43,47,133,1,1,2,3,6,6,6],
    "vertices":[0.390542,0.0583195,0.288057,0.390542,0.0583195,0.132256,-0.382787,0.0583195,0.132256,0.390542,0.0583195,-0.0834032,-0.382787,0.0583195,-0.239204,0.390542,0.0583195,-0.239204,-0.382787,0.0583195,0.624631,-0.382787,0.0583195,0.46883,0.390542,0.0583195,0.46883,-0.382787,0.0583194,-0.421987,0.390542,0.0583194,-0.577788,-0.382787,0.0583194,-0.577788,-0.382787,0.0583195,-0.0834032,-0.382787,0.0583195,0.288057,0.390542,0.0583195,0.624631,0.390542,0.0583194,-0.421987,-0.268051,0.0979526,-0.721322,-0.169593,0.0979527,0.717833,-0.169593,0.0979526,-0.721322,0.179989,0.0979526,-0.721322,0.278447,0.0979527,0.717833,0.278447,0.0979526,-0.721322,0.179989,0.0979527,0.717833,-0.268051,0.0979527,0.717833,-0.382787,-2.98405e-08,-0.421987,0.390542,-4.3461e-08,-0.577788,0.390542,1.8613e-08,0.132256,-0.382787,3.22335e-08,0.288057,-0.382787,-2.40533e-10,-0.0834032,-0.382787,6.16578e-08,0.624631,0.390542,4.80372e-08,0.46883,0.390542,-1.38611e-08,-0.239204,0.390542,3.22335e-08,0.288057,-0.382787,-4.3461e-08,-0.577788,-0.382787,1.8613e-08,0.132256,0.390542,6.16578e-08,0.624631,0.390542,-2.40533e-10,-0.0834032,-0.382787,4.80372e-08,0.46883,-0.382787,-1.38611e-08,-0.239204,0.390542,-2.98405e-08,-0.421987,-0.268051,0.0595724,0.717833,0.179989,0.0595724,0.717833,-0.169593,0.0595723,-0.721322,0.278447,0.0595723,-0.721322,-0.268051,0.0595723,-0.721322,-0.169593,0.0595724,0.717833,0.278447,0.0595724,0.717833,0.179989,0.0595723,-0.721322,0.390542,1.8613e-08,0.132256,0.390542,1.8613e-08,0.132256,0.390542,3.22335e-08,0.288057,0.390542,3.22335e-08,0.288057,-0.382787,3.22335e-08,0.288057,-0.382787,3.22335e-08,0.288057,-0.382787,0.0583195,0.288057,-0.382787,0.0583195,0.288057,0.390542,0.0583195,0.288057,0.390542,0.0583195,0.288057,0.390542,0.0583195,0.132256,0.390542,0.0583195,0.132256,-0.382787,0.0583195,-0.0834032,-0.382787,0.0583195,-0.0834032,0.390542,0.0583195,-0.0834032,0.390542,0.0583195,-0.0834032,0.390542,0.0583195,-0.239204,0.390542,0.0583195,-0.239204,0.390542,-1.38611e-08,-0.239204,0.390542,-1.38611e-08,-0.239204,0.390542,-2.40533e-10,-0.0834032,0.390542,-2.40533e-10,-0.0834032,-0.382787,-2.40533e-10,-0.0834032,-0.382787,-2.40533e-10,-0.0834032,-0.382787,6.16578e-08,0.624631,-0.382787,6.16578e-08,0.624631,-0.382787,4.80372e-08,0.46883,-0.382787,4.80372e-08,0.46883,0.390542,4.80372e-08,0.46883,0.390542,4.80372e-08,0.46883,0.390542,0.0583195,0.46883,0.390542,0.0583195,0.46883,-0.382787,0.0583195,0.46883,-0.382787,0.0583195,0.46883,-0.382787,0.0583195,0.624631,-0.382787,0.0583195,0.624631,0.390542,0.0583194,-0.577788,0.390542,0.0583194,-0.577788,-0.382787,0.0583194,-0.577788,-0.382787,0.0583194,-0.577788,-0.382787,0.0583194,-0.421987,-0.382787,0.0583194,-0.421987,-0.382787,-2.98405e-08,-0.421987,-0.382787,-2.98405e-08,-0.421987,-0.382787,-4.3461e-08,-0.577788,-0.382787,-4.3461e-08,-0.577788,0.390542,-4.3461e-08,-0.577788,0.390542,-4.3461e-08,-0.577788,-0.382787,0.0583195,-0.239204,-0.382787,0.0583195,-0.239204,-0.382787,-1.38611e-08,-0.239204,-0.382787,-1.38611e-08,-0.239204,-0.382787,1.8613e-08,0.132256,-0.382787,1.8613e-08,0.132256,-0.382787,0.0583195,0.132256,-0.382787,0.0583195,0.132256,0.390542,6.16578e-08,0.624631,0.390542,6.16578e-08,0.624631,0.390542,0.0583195,0.624631,0.390542,0.0583195,0.624631,0.390542,0.0583194,-0.421987,0.390542,0.0583194,-0.421987,0.390542,-2.98405e-08,-0.421987,0.390542,-2.98405e-08,-0.421987,-0.268051,0.0595724,0.717833,-0.268051,0.0595724,0.717833,-0.268051,0.0595723,-0.721322,-0.268051,0.0595723,-0.721322,-0.169593,0.0595723,-0.721322,-0.169593,0.0595723,-0.721322,-0.169593,0.0979526,-0.721322,-0.169593,0.0979526,-0.721322,-0.268051,0.0979526,-0.721322,-0.268051,0.0979526,-0.721322,-0.268051,0.0979527,0.717833,-0.268051,0.0979527,0.717833,0.179989,0.0595724,0.717833,0.179989,0.0595724,0.717833,0.179989,0.0595723,-0.721322,0.179989,0.0595723,-0.721322,0.278447,0.0595723,-0.721322,0.278447,0.0595723,-0.721322,0.278447,0.0979526,-0.721322,0.278447,0.0979526,-0.721322,0.179989,0.0979526,-0.721322,0.179989,0.0979526,-0.721322,0.179989,0.0979527,0.717833,0.179989,0.0979527,0.717833,0.278447,0.0979527,0.717833,0.278447,0.0979527,0.717833,0.278447,0.0595724,0.717833,0.278447,0.0595724,0.717833,-0.169593,0.0979527,0.717833,-0.169593,0.0979527,0.717833,-0.169593,0.0595724,0.717833,-0.169593,0.0595724,0.717833]


}